Id,Name,NamespacePrefix,ApiVersion,LengthWithoutComments,Status
01pAe00000C203RIAR,AccountAssetDisposalController,,58,6658,Active
01pAe00000C0znlIAB,AccountUpdater,,64,427,Active
01pPx000001zuPhIAI,agxBankHoliday,,59,1738,Active
01pPx000001zuPiIAI,agxBankHolidayTest,,59,518,Active
01p8e000002N1L4AAK,AgxPayableInvoiceHold,,57,1092,Active
01p8e000002N1L5AAK,AgxPayableInvoiceHoldTest2,,57,1489,Active
01p8e000002N1L6AAK,AgxPayableInvoiceRelease,,57,1105,Active
01pAe00000C2BjdIAF,AssetDisposalWizardController,,58,6664,Active
01pAe00000C21xBIAR,AutomaticCashMatching,,58,2039,Active
01pPx000002ExzxIAC,BusinessHoursCalculator,,59,916,Active
01pPx000002ExzyIAC,BusinessHoursCalculatorTest,,59,602,Active
01p8e0000030ucQAAQ,CalloutHelper,,57,1077,Active
01p8e0000030ucRAAQ,CalloutHelperTest,,58,963,Active
01p8e000002NpCPAA0,CommissionPaymentController,,57,578,Active
01p8e000002NpCQAA0,CommissionPaymentControllerTest,,58,332,Active
01p4K00000C8dC4QAJ,ConductorFromListViewController,,54,1062,Active
01p4K00000C8dC5QAJ,ConductorFromListViewControllerTest,,54,1106,Active
01pPx000003yIErIAM,DisableChatterDeleteDelegate,,21,611,Active
01pPx000003yIEsIAM,DisableChatterDeletesTestSuite,,21,10264,Active
01p8e000002PCV5AAO,DiscardInvoices,,57,651,Active
01p8e000002PCV6AAO,DiscardInvoicesTest,,58,548,Active
01pAe00000Cn6N7IAJ,dlrs_AccountTest,,65,191,Active
01pAe00000CnRL7IAN,dlrs_AssetTest,,65,156,Active
01pAe00000DGAdRIAX,dlrs_c2godaInvoiceTest,,65,414,Active
01pAe00000D0oGfIAJ,dlrs_OpportunityLineItemTest,,65,184,Active
01pAe00000DEbhlIAD,dlrs_OpportunityTest,,65,811,Active
01pPx0000093VjdIAE,GenericObjectOperationBatch,,60,1253,Active
01pPx0000093VjeIAE,GenericObjectOperationBatchLauncher,,60,1064,Active
01pPx0000093VjfIAE,GenericObjectOperationBatchTest,,64,3465,Active
01pAe00000BxcKfIAJ,HP_API_AccountService,,65,1511,Active
01pAe00000BxWYbIAN,HPAuthService,,65,2356,Active
01p4K00000DGod8QAD,MassDeleteExtension,,38,542,Active
01p4K00000DGod9QAD,MassDeleteExtensionTest,,38,772,Active
01pAe00000DazrtIAB,PortalCertiniaReceiptApi,,66,2032,Active
01pAe00000C1xOvIAJ,ProductMergeService,,65,6509,Active
01p8e0000005ThuAAE,QuickLightningLookupController,,55,5184,Active
01p8e0000005ThvAAE,QuickLightningLookupControllerTest,,55,1782,Active
01p8e00000320caAAA,QuoteSyncTestSuite,,23,64201,Active
01p8e00000320cbAAA,QuoteSyncUtil,,25,10132,Active
01p8e0000005X3nAAE,ResolveApprovalRequest,,56,3156,Active
01p8e0000005X3oAAE,ResolveApprovalRequestsTest,,57,987,Active
01p8e000000XaymAAC,ShippingLabelController,,55,4138,Active
01p8e00000005xKAAQ,ShowAccessoriesManagedServices2Assign,,55,589,Active
01p8e00000005xLAAQ,ShowAssets,,55,577,Active
01p8e00000005xMAAQ,ShowAssetsTest,,55,1487,Active
01p8e00000005xNAAQ,ShowProductsController,,55,876,Active
01p8e00000005xOAAQ,ShowProductsControllerTest,,55,1725,Active
01p8e000002N1L7AAK,TestAgxPayableInvoiceRelease,,57,2006,Active
01p8e000000XaynAAC,TestShippingLabelController,,55,813,Active
01p8e000002PCZmAAO,TPSCallout,,57,1980,Active
01p8e000002PCZnAAO,TPSCalloutTest,,58,1459,Active
01p8e000002PCZoAAO,TPSChecker,,57,1812,Active
01p8e000002PCZpAAO,TPSCheckerScheduler,,57,339,Active
01p8e000002PCZqAAO,TPSCheckerSchedulerTest,,58,1132,Active
01p8e000002PCZrAAO,TPSCheckerTest,,64,1578,Active
01p8e00000320ccAAA,TriggerStopper,,25,216,Active
01p8e0000030uhCAAQ,VantageApiInvoiceLinesQuery,,58,18763,Active
01p8e0000030uhDAAQ,VantageApiInvoiceLinesQueryTest,,58,5072,Active
01p8e0000030uh7AAA,VantageApiInvoiceQuery,,57,2587,Active
01p8e0000030uh8AAA,VantageApiInvoiceQueryTest,,58,1977,Active
01p4K00000C8bUVQAZ,xerTransController,,54,1064,Active
01p4K00000C8bUWQAZ,xerTransControllerTest,,54,916,Active
