DeveloperName,ActiveVersionId,LatestVersionId
Account_Approval_Process,,3018e0000004GCNAA2
Account_Approval_Submission,301Ae00000nRkiDIAS,301Ae00000nRkiDIAS
Account_Asset_Disposals,301Px00000Tg3PAIAZ,301Px00000Tg3PAIAZ
Account_Asset_Moves,301Px00000PpZyKIAV,301Px00000PpZyKIAV
Account_Check_Parent_Schedule,,301Px00000PgB5XIAV
Account_Check_Schedule,301Px00000IxZIkIAN,301Px00000IxZIkIAN
Account_Level_Add_MACD,301Px00000FYopnIAD,301Px00000FYopnIAD
Account_TPS_Check,,301Px00000H7y7LIAR
Account_TPS_Check_Trigger,,301Px00000HAkpSIAT
Account_TPS_Check_Trigger_NEW,,301Px00000HaaPlIAJ
Add_Account_Team_Member_to_Account,301Px00000PNA0OIAX,301Px00000PNA0OIAX
Add_Close_Date_to_commisison,,3018e000000ChyCAAS
Add_files_to_SOs,301Ae00000lU0ndIAC,301Ae00000lU0ndIAC
Add_Has_MACD_stamp_to_Sales_Order,,301Px00000F6XDbIAN
Add_POD_to_Opp,,3018e000000PFhoAAG
Add_Related_Invoice,301Px00000Kio4FIAR,301Px00000Kio4FIAR
Add_Sales_Invoice_Number,3018e0000004G5eAAE,3018e0000004G5eAAE
Add_Stephen_to_account_team,,3018e000000PFWrAAO
Address_Automation,3018e000000PFPQAA4,3018e000000PFPQAA4
Agilyx_AP_Voucher_to_Payable_Invoice,3018e0000008dZHAAY,3018e0000008dZHAAY
Agilyx_Overdue_Transactions_Test,301Px00000TFz0xIAD,301Px00000TFz0xIAD
Agilyx_Payable_Invoice_on_Hold_Release,3018e0000008dZJAAY,3018e0000008dZJAAY
Agilyx_Purchase_Order_Trigger_to_Release_Payable_Invoice,3018e0000008dZKAAY,3018e0000008dZKAAY
AGILYX_Set_Task_Collections_Info_to_TLI_Autolaunched,301Px000006cyhHIAQ,301Px000006cyhHIAQ
All_Companies_House_Check,301Px00000AMhrmIAD,301Px00000AMhrmIAD
Analysis_Synchronisation_Dimension_1,3014K000000UyWqQAK,3014K000000UyWqQAK
Analysis_Synchronisation_Dimension_2,3014K000000UyWrQAK,3014K000000UyWrQAK
Analysis_Synchronisation_Dimension_3,3014K000000UyWsQAK,3014K000000UyWsQAK
Analysis_Synchronisation_Dimension_4,3014K000000UyWtQAK,3014K000000UyWtQAK
AoC_Sum_and_Count_of_Invoices,,3018e000000PF0fAAG
Approve_Pricing_Request,301Px00000Lry8SIAR,301Px00000Lry8SIAR
Asset_Labelling,301Px00000G1ToPIAV,301Px00000G1ToPIAV
Asset_Number_Generator,301Px000005cZpwIAE,301Px000005cZpwIAE
Assign_PO_Values_from_SO,3018e000000olEAAAY,3018e000000olEAAAY
Auto_Close_Date,,3018e000000PFOMAA4
Auto_Trigger_Notification_When_SO_from_Outside_of_Primary_Brand,,3018e0000004GITAA2
Call_Foundations_Billing_PB,3014K000000545EQAQ,3014K000000545EQAQ
Cancel_MACD_Lines_Cancelled_MACD,301Px00000MO5V3IAL,301Px00000MO5V3IAL
Cancel_MACDs_Closed_Lost_Opp,301Px00000PtHTGIA3,301Px00000PtHTGIA3
Cancelled_MACD_Line_Revert_Asset_Status,301Px00000JXoG3IAL,301Px00000JXoG3IAL
