Id,DeveloperName,ActiveVersionId,LatestVersionId
3008e000000wnHdAAI,Account_Approval_Process,,3018e0000004GCNAA2
300Ae00000UAzlhIAD,Account_Approval_Submission,301Ae00000nRkiDIAS,301Ae00000nRkiDIAS
300Px00000KdiDnIAJ,Account_Asset_Disposals,301Px00000Tg3PAIAZ,301Px00000Tg3PAIAZ
300Px00000KmSJZIA3,Account_Asset_Moves,301Px00000PpZyKIAV,301Px00000PpZyKIAV
300Px00000Om23KIAR,Account_Check_Parent_Schedule,,301Px00000PgB5XIAV
300Px00000EvJFdIAN,Account_Check_Schedule,301Px00000IxZIkIAN,301Px00000IxZIkIAN
300Px00000FK5ZHIA1,Account_Level_Add_MACD,301Px00000FYopnIAD,301Px00000FYopnIAD
300Px00000GNL5sIAH,Account_TPS_Check,,301Px00000H7y7LIAR
300Px00000GuRfRIAV,Account_TPS_Check_Trigger,,301Px00000HAkpSIAT
300Px00000GuOHpIAN,Account_TPS_Check_Trigger_NEW,,301Px00000HaaPlIAJ
300Px00000OVPNtIAP,Add_Account_Team_Member_to_Account,301Px00000PNA0OIAX,301Px00000PNA0OIAX
3008e0000008SNyAAM,Add_Close_Date_to_commisison,,3018e000000ChyCAAS
3004K0000000SurQAE,Add_files_to_SOs,301Ae00000lU0ndIAC,301Ae00000lU0ndIAC
300Px00000Ev6n6IAB,Add_Has_MACD_stamp_to_Sales_Order,,301Px00000F6XDbIAN
3004K0000000SuqQAE,Add_POD_to_Opp,,3018e000000PFhoAAG
3004K0000000Sn6QAE,Add_Related_Invoice,301Px00000Kio4FIAR,301Px00000Kio4FIAR
3008e000000wnFqAAI,Add_Sales_Invoice_Number,3018e0000004G5eAAE,3018e0000004G5eAAE
3008e000000L285AAC,Add_Stephen_to_account_team,,3018e000000PFWrAAO
3008e000000L265AAC,Address_Automation,3018e000000PFPQAA4,3018e000000PFPQAA4
3008e000000GtOrAAK,Agilyx_AP_Voucher_to_Payable_Invoice,3018e0000008dZHAAY,3018e0000008dZHAAY
3008e000000GtOsAAK,Agilyx_Overdue_Transactions_Test,301Px00000TFz0xIAD,301Px00000TFz0xIAD
3008e000000GtOtAAK,Agilyx_Payable_Invoice_on_Hold_Release,3018e0000008dZJAAY,3018e0000008dZJAAY
3008e000000GtOuAAK,Agilyx_Purchase_Order_Trigger_to_Release_Payable_Invoice,3018e0000008dZKAAY,3018e0000008dZKAAY
3008e000000GtOqAAK,AGILYX_Set_Task_Collections_Info_to_TLI_Autolaunched,301Px000006cyhHIAQ,301Px000006cyhHIAQ
300Px00000AEsh8IAD,All_Companies_House_Check,301Px00000AMhrmIAD,301Px00000AMhrmIAD
3004K000000HSMsQAO,Analysis_Synchronisation_Dimension_1,3014K000000UyWqQAK,3014K000000UyWqQAK
3004K000000HSMtQAO,Analysis_Synchronisation_Dimension_2,3014K000000UyWrQAK,3014K000000UyWrQAK
3004K000000HSMuQAO,Analysis_Synchronisation_Dimension_3,3014K000000UyWsQAK,3014K000000UyWsQAK
3004K000000HSMvQAO,Analysis_Synchronisation_Dimension_4,3014K000000UyWtQAK,3014K000000UyWtQAK
3008e000000L20zAAC,AoC_Sum_and_Count_of_Invoices,,3018e000000PF0fAAG
300Px00000LKnF4IAL,Approve_Pricing_Request,301Px00000Lry8SIAR,301Px00000Lry8SIAR
300Px000005yR4CIAU,Asset_Labelling,301Px00000G1ToPIAV,301Px00000G1ToPIAV
300Px000005d0a0IAA,Asset_Number_Generator,301Px000005cZpwIAE,301Px000005cZpwIAE
3008e000000L2A6AAK,Assign_PO_Values_from_SO,3018e000000olEAAAY,3018e000000olEAAAY
3008e000000L266AAC,Auto_Close_Date,,3018e000000PFOMAA4
3008e000000L26EAAS,Auto_Trigger_Notification_When_SO_from_Outside_of_Primary_Brand,,3018e0000004GITAA2
3004K000000TmUpQAK,Call_Foundations_Billing_PB,3014K000000545EQAQ,3014K000000545EQAQ
300Px00000JETLtIAP,Cancel_MACD_Lines_Cancelled_MACD,301Px00000MO5V3IAL,301Px00000MO5V3IAL
300Px00000FxJfVIAV,Cancel_MACDs_Closed_Lost_Opp,301Px00000PtHTGIA3,301Px00000PtHTGIA3
300Px00000JEqiAIAT,Cancelled_MACD_Line_Revert_Asset_Status,301Px00000JXoG3IAL,301Px00000JXoG3IAL
300Px000005d0a1IAA,Capture_Meters_Screen,301Px00000LU4SCIA1,301Px00000LU4SCIA1
300Px00000AEezAIAT,Check_All_Accounts_Companies_House,,301Px00000AP6R7IAL
3004K0000000RkuQAE,Check_and_populate_PO_number,3014K000000cdaeQAA,3014K000000cdaeQAA
300Px00000RRpyEIAT,Check_for_Approved_Products,301Px00000SZ00DIAT,301Px00000SZ00DIAT
3008e000000L26YAAS,Check_for_Lapsed_Customers,3018e000000PFOwAAO,3018e000000PFOwAAO
3008e000000L267AAC,Checklist_Creation,3018e0000008cXDAAY,3018e0000008cXDAAY
3008e000000L26FAAS,Checklist_Screen,3018e000000PFOVAA4,3018e000000PFOVAA4
3008e000000Gsk6AAC,Checklist_Update,301Px00000PtHTHIA3,301Px00000PtHTHIA3
3008e000000wnkZAAQ,Child_Assets_To_Update_From_Parent_Asset,3018e0000004HN0AAM,3018e0000004HN0AAM
3008e000000L268AAC,Choose_Product,,3018e000000PFOOAA4
3004K000000HW5EQAW,Closed_Won_Opportunities,,3018e000000PE2VAAW
3008e000000wnpZAAQ,Commission_Assign_Plan,3018e000000ChigAAC,3018e000000ChigAAC
3008e000000L23QAAS,Commission_Create_Update,,3018e0000004G0eAAE
3008e000000L23PAAS,Commission_Other_Transactions,3018e000000PFH7AAO,3018e000000PFH7AAO
3008e000000wn4nAAA,Commission_Other_Transactions_Schedule,,3018e0000004FOVAA2
3008e000000L23RAAS,Commission_Runs,,301Px00000PtHTRIA3
3008e000000L1prAAC,Commission_Transactions,,3018e000000PDrhAAG
3008e000000wnlNAAQ,Commissions_Updates,,301Px000004XyzdIAC
3008e000000L25VAAS,Companies_House_Flow,3018e000000PFNZAA4,3018e000000PFNZAA4
3008e000000L25WAAS,Companies_House_Flow_Template,,3018e000000PFNaAAO
300Px00000Dzyz3IAB,Complete_MACD_Sales_Order,301Px00000TMMFnIAP,301Px00000TMMFnIAP
300Px00000Ov5tKIAR,Compliance_Approval_Flow,301Ae00000qk42qIAA,301Ae00000qk42qIAA
3008e000000L26GAAS,Compliance_Approval_Process_Submitted,301Ae00000oRQUiIAO,301Ae00000oRQUiIAO
300Px000004C2OjIAK,Contact_Removal,301Px000004BspDIAS,301Px000004BspDIAS
3008e000000GwtdAAC,Contact_TPS_Check,,3018e0000008kVFAAY
3008e000000L26HAAS,Contract_email_alert_90_days_before_expires,3018e000000PFOXAA4,3018e000000PFOXAA4
3008e000000L26IAAS,Contract_expiry_date_email_alert,,3018e000000PFOYAA4
3008e000000L1vwAAC,creat_update_Commissions,3018e0000004I6jAAE,3018e0000004I6jAAE
3008e000000wnpdAAA,Create_Commission_Opp_Product,301Px00000AsHRBIA3,301Px00000AsHRBIA3
3008e000000wnpeAAA,Create_Commission_Opp_Split,301Px00000TxuTuIAJ,301Px00000TxuTuIAJ
300Px000006u9WgIAI,Create_Customer_Location,,301Px000006uAZ7IAM
3008e000000wnoCAAQ,Create_Customer_Locations,,3018e0000004HnDAAU
3008e000000L269AAC,Create_Delivery_Line_Item_on_Creation,301Px00000T5iJZIAZ,301Px00000T5iJZIAZ
300Px000005d0a2IAA,Create_Delivery_Lines,301Px00000DNJYmIAP,301Px00000DNJYmIAP
300Px000005d0a3IAA,Create_Install_Analyst_Line,301Px00000KSpdhIAD,301Px00000KSpdhIAD
300Px00000F56deIAB,Create_Location_Subflow,301Px00000FKylmIAD,301Px00000FKylmIAD
3008e000000L2ApAAK,Create_PO_Flow,,3018e000000PFi4AAG
3008e0000008S7RAAU,Create_PO_Test,,3018e000000CgzqAAC
3008e000000wnm6AAA,Create_SIN_activity_on_Account,,3018e000000ChIxAAK
300Px000005d0a4IAA,Create_SO_Lines,301Px00000TiABKIA3,301Px00000TiABKIA3
3008e000000TWXCAA4,Create_Update_Customer_Address,,3018e0000000KmoAAE
300Px00000LyucmIAB,Credit_Safe_Bypass_Tracking,301Px00000MYiWkIAL,301Px00000MYiWkIAL
300Px00000EsZwpIAF,Customer_Account_Check,301Px00000Ji9EMIAZ,301Px00000Ji9EMIAZ
300Px00000OVPNuIAP,Data_Garage_Assign_Account_to_Sales,301Px00000POBVNIA5,301Px00000POBVNIA5
300Px00000OVPNwIAP,Data_Garage_Assign_Account_to_Sales_Multi_Assignment,301Px00000PNQwHIAX,301Px00000PNQwHIAX
300Px00000NFNjuIAH,Data_Garage_Return_Non_Active_Accounts_to_Garage,301Px00000Nzng5IAB,301Px00000Nzng5IAB
3004K0000000QdCQAU,Deal_accepted,3014K000000cYXzQAM,3014K000000cYXzQAM
3008e000000L26AAAS,Deal_Checklist,3018e000000PFOQAA4,3018e000000PFOQAA4
3008e000000GwO4AAK,Deal_Summary_Checker,301Px00000D3KagIAF,301Px00000D3KagIAF
3008e000000wnF2AAI,Delete_Commissions_Closed_Lost,301Px00000PtHTIIA3,301Px00000PtHTIIA3
3008e000000wnpaAAA,Delete_Commissions_Opp_Line,3018e0000004JKHAA2,3018e0000004JKHAA2
3008e000000wnpbAAA,Delete_Commissions_Opp_Split,3018e0000004JKCAA2,3018e0000004JKCAA2
3008e000000wn7rAAA,Delete_Lines,,3018e0000004FVHAA2
300Px00000KfZJIIA3,Delete_Product_Groups_when_Product_is_Deleted,301Px00000MF5XQIA1,301Px00000MF5XQIA1
300Px00000Kn1QsIAJ,Demo_Add_Account_To_Portfolio,,301Ae00000lKiDoIAK
300Px00000Kn1QtIAJ,Demo_Refresh_Action,,301Ae00000lKiDpIAK
300Px00000Kn1QuIAJ,Demo_Remove_Account_From_Portfolio,,301Ae00000lKiDqIAK
300Px00000Kn1QvIAJ,Demo_Run_Decision_Action,301Ae00000lKiDrIAK,301Ae00000lKiDrIAK
3008e000000GwtOAAS,Discard_Documents,3018e0000008kUHAAY,3018e0000008kUHAAY
3008e000000Gwl4AAC,Discard_Invoices,,3018e0000008kGPAAY
3008e000000wnDfAAI,discard_PINS,,3018e0000004FqZAAU
3008e000000wnHeAAI,Display_Contacts,3018e000000ChQXAA0,3018e000000ChQXAA0
3008e000000GqttAAC,Display_Past_Opp_Products,3018e0000008d1CAAQ,3018e0000008d1CAAQ
3008e000000wnrBAAQ,Display_Tasks,3018e0000004I4xAAE,3018e0000004I4xAAE
3008e000000L28ZAAS,Email_Deal_Into_Compliance,301Px00000PtHTJIA3,301Px00000PtHTJIA3
3008e000000L28aAAC,Email_Deal_Passed_Compliance,,301Px00000PtHTQIA3
3008e000000L28bAAC,Email_Del_failed_compliance,,3018e000000PFXgAAO
3008e000000L27WAAS,Email_Stock_Receipts,3018e000000PFU6AAO,3018e000000PFU6AAO
3008e000000L23UAAS,EMail_Test,,3018e000000PFHCAA4
3008e000000wn7XAAQ,End_Authentication,301Ae00000lKiDsIAK,301Ae00000lKiDsIAK
3008e000000Gqv4AAC,FFA_Sales_Invoice_Line_Item_to_ITPR_trigger,3018e0000008kd9AAA,3018e0000008kd9AAA
3008e000000L29rAAC,FFX_Account,3018e0000004F3cAAE,3018e0000004F3cAAE
3008e000000L29nAAC,FFX_Contact,3018e000000PFajAAG,3018e000000PFajAAG
3004K000000HSN2QAO,FFX_FAM_Fixed_Asset_Disposal,3014K000000UyX0QAK,3014K000000UyX0QAK
3004K000000HSN3QAO,FFX_FAM_Fixed_Asset_Inherit_Book_Method_PB,,3014K000000UyX1QAK
3004K000000HSMwQAO,FFX_FAMAddDepreciationToFixedAsset,3014K000000UyWuQAK,3014K000000UyWuQAK
3004K000000HSMxQAO,FFX_FAMAddFixedAssetReferenceToDepnJEPB,,3014K000000UyWvQAK
3004K000000HSMyQAO,FFX_FAMAssetCheckAndApprove,3014K000000UyWwQAK,3014K000000UyWwQAK
3004K000000HSMzQAO,FFX_FAMFixedAssetActiveAmendment,3014K000000UyWxQAK,3014K000000UyWxQAK
3004K000000HSN0QAO,FFX_FAMFixedAssetRecordStatusAmended_PB,,3014K000000UyWyQAK
3004K000000HSN1QAO,FFX_FAMInheritBookAndMethod,3014K000000UyWzQAK,3014K000000UyWzQAK
3008e000000L29mAAC,FFX_Set_Account_Trading_Currency,3018e000000PFaiAAG,3018e000000PFaiAAG
3004K000000HSN5QAO,FFX_SM_Account_Supplier_Site_PB,,3014K000000545FQAQ
3004K000000HSN6QAO,FFX_SM_Add_Dimensions_Tax_to_AP_Voucher_Line_PB,,3014K000000UyX4QAK
3004K000000HSN7QAO,FFX_SM_Complete_Requisition_PO_Details,,3014K000000UyX5QAK
3004K000000HSN8QAO,FFX_SM_Contact_Correlation_ID_PB,,3014K000000UyX6QAK
3004K000000HSN9QAO,FFX_SM_Create_Accrual_JE_from_PO_Receipt,,3014K000000UyX7QAK
3004K000000HSNAQA4,FFX_SM_Create_Accrual_JE_from_PO_Receipt_PB,,3014K000000UyX8QAK
3004K000000HSNBQA4,FFX_SM_Create_PIN_from_AP_Voucher,,3014K000000UyX9QAK
3004K000000HSNCQA4,FFX_SM_Create_PIN_from_AP_Voucher_PB,,3014K000000UyXAQA0
3004K000000HSNDQA4,FFX_SM_Create_Spend_Management_Configuration,,3014K000000UyXBQA0
3004K000000HSNEQA4,FFX_SM_Default_PO_Line_Analysis_from_Header_PB,,3014K000000UyXCQA0
3004K000000HSNFQA4,FFX_SM_PO_Cancellation_Process,,3014K000000UyXDQA0
3004K000000HSNGQA4,FFX_SM_Product_Product_Group_PB,3014K000000545GQAQ,3014K000000545GQAQ
3004K000000HSNHQA4,FFX_SM_Purchase_Order_Defaults_PB,,3014K000000UyXFQA0
3004K000000HSNIQA4,FFX_SM_Reprocess_Payable_Invoice_from_AP_Voucher,,3014K000000UyXGQA0
3004K000000HSNJQA4,FFX_SM_Update_Due_Date_on_AP_Voucher,,3014K000000UyXHQA0
3004K000000HSNKQA4,FFX_SM_Update_PO_with_FFA_Currency_ID,,3014K000000UyXIQA0
3004K000000HSN4QAO,FFX_SMCreateReceiptLineCancellationRecord,,3014K000000UyX2QAK
3008e000000wn7iAAA,FFXSCM_Process_Invoice_Line_Items,3018e0000004FVgAAM,3018e0000004FVgAAM
3008e000000wn7hAAA,FFXSCM_Process_Invoice_Lines,301Px00000SoMlBIAV,301Px00000SoMlBIAV
3008e000000wn7jAAA,FFXSCM_Process_Voided_Invoice,3018e0000004FVrAAM,3018e0000004FVrAAM
3008e000000PLLuAAO,FFXSCM_Process_Voided_Invoice_1,,3018e000000gL7gAAE
3008e000000GvZQAA0,FFXSCM_Update_JE_Date_for_SCM_Invoice_Drop_Ship_Void,3018e0000008hZ8AAI,3018e0000008hZ8AAI
3008e000000L2AzAAK,FFXSCM_Update_SCM_Transaction_with_PO_details,301Px00000MzEFwIAN,301Px00000MzEFwIAN
3008e000000L2B0AAK,FFXSM_Initial_load_of_PO_Number_to_Trans_Line_Item,,3018e000000PFiYAAW
3008e000000wn7mAAA,General_intelligence_Update,3018e0000004FUYAA2,3018e0000004FUYAA2
3004K0000000RlnQAE,Get_Notes,,3014K000000cdfyQAA
3004K0000000RnUQAU,Get_Notes2,,3014K000000cduZQAQ
3008e000000g8I7AAI,Inactive_Contact,,3018e000000ooAgAAI
3004K000000HW4kQAG,Insertion_of_new_products,,3014K000000VHVSQA4
300Px000005d0a7IAA,Install_Analyst_Text,301Px000005cZq3IAE,301Px000005cZq3IAE
3004K000000TmUzQAK,Invoice_Line_Check,3018e000000okZRAAY,3018e000000gKi1AAE
3004K000000HUyzQAG,ION_AddCompanyToBillingDoc_PB,3014K000000VDG7QAO,3014K000000VDG7QAO
3004K000000HUyfQAG,ION_AddCompanyToBillingDocument,3014K000000VDF4QAO,3014K000000VDF4QAO
3004K000000gVSqQAM,ION_CreateSalesOrder_PB,3014K000000hBfHQAU,3014K000000hBfHQAU
3008e000000GrbEAAS,ION_CreateSalesOrder_PB_1,,3018e0000008ZeCAAU
3008e000000GrbJAAS,ION_CreateSalesOrder_PB_2,301Px00000Q4otpIAB,301Px00000Q4otpIAB
3004K000000gVSbQAM,ION_RefreshOppProducts,,3014K000000hBeJQAU
3004K000000TmUqQAK,ION_Sales_Order_Update,3014K000000545HQAQ,3014K000000545HQAQ
3004K000000TmUrQAK,ION_Update_Corp_Currency_value_of_PO_PB,3014K000000545IQAQ,3014K000000545IQAQ
3004K000000TmUsQAK,ION_Update_Invoice_Line,3014K000000545JQAQ,3014K000000545JQAQ
3004K000000TmUtQAK,ION_Update_Invoice_Line_Item_PB,3014K000000545KQAQ,3014K000000545KQAQ
3004K000000TmUuQAK,ION_Update_PO_with_FFA_Cmp_Name_from_Warehouse,3014K000000545LQAQ,3014K000000545LQAQ
3004K000000TmUvQAK,ION_Update_PO_with_SF_Exchange_Rate,3014K000000545MQAQ,3014K000000545MQAQ
3004K000000TmUxQAK,ION_Update_Sales_Order_Line_PB,3014K000000545OQAQ,3014K000000545OQAQ
3004K000000TmUwQAK,ION_Update_SO_with_FFA_Cmp_Name_from_Warehouse,3014K000000545NQAQ,3014K000000545NQAQ
3004K000000gVScQAM,ION_UpdateOppProduct,3014K000000hBeKQAU,3014K000000hBeKQAU
3004K000000gVSrQAM,ION_UpdateOppProduct_PB,3014K000000hBfIQAU,3014K000000hBfIQAU
3004K000000gVSdQAM,ION_UpdateOppWithSORecType,3014K000000hBeLQAU,3014K000000hBeLQAU
3004K000000TmUyQAK,ION_Updating_Sales_Order_PB,,3014K000000545PQAQ
300Px00000HUDSgIAP,IRE_Sales_Order_Allocated_Notification,,301Px00000Hn4f0IAB
3008e000000wnSaAAI,Journal_Line_Item_PrePaid_Description,3018e0000004GgWAAU,3018e0000004GgWAAU
3008e000000wnzUAAQ,Lead_Generation,3018e000000CguCAAS,3018e000000CguCAAS
300Px0000079qwFIAQ,Loaction_Creater,,301Px000007AqKfIAK
3008e000000L26BAAS,Lock_Opportunities_on_ClosedWon,301Px00000Q4XrGIAV,301Px00000Q4XrGIAV
3008e000000wn9EAAQ,M2_Picklist_Email,3018e0000004FcNAAU,3018e0000004FcNAAU
3008e000000wnjMAAQ,MACD_AND_MACD_LI_Creation,,3018e0000004HGiAAM
3008e000000wnjNAAQ,MACD_Asset_Line_Items,,3018e0000004HGjAAM
3008e000000wnjOAAQ,MACD_Asset_Updates,,3018e0000004HTNAA2
300Px00000Ov5tHIAR,MACD_Attach_Opp_Documents,301Px00000PpZyNIAV,301Px00000PpZyNIAV
300Px000005d0a5IAA,MACD_Complete_MACD,301Px00000LiKrnIAF,301Px00000LiKrnIAF
300Px00000CRt3BIAT,MACD_Duplicate_Checker,301Px00000DHWyTIAX,301Px00000DHWyTIAX
3008e000000wnjPAAQ,MACD_LI_Name_Updater,301Px00000EAA2tIAH,301Px00000EAA2tIAH
300Px00000Ov5tIIAR,MACD_Meter_Reading_Screen,301Px00000PpZyOIAV,301Px00000PpZyOIAV
300Px00000IpA2zIAF,MACD_Rollout_Screen,301Px00000JFtyvIAD,301Px00000JFtyvIAD
300Px00000Ov5tJIAR,MACD_Send_Assets_to_SNOW,,301Px00000PpZyPIAV
3008e000000L1oZAAS,mass_update_test,,3018e000000PDnCAAW
300Ae00000WQtJYIA1,NEW_FUN_MACD_FLOW,301Ae00000pwyGUIAY,301Ae00000pwyGUIAY
300Px00000CRt3CIAT,New_Location_Screen_Flow,301Px00000S59vsIAB,301Px00000S59vsIAB
300Px00000HOsa9IAD,New_Picklist_Notification,301Px00000NHzQ3IAL,301Px00000NHzQ3IAL
3004K000000HW5JQAW,New_Sales_Order_Creation,3014K000000caKTQAY,3014K000000caKTQAY
300Px00000JJ0r6IAD,Non_Customer_Account_Search,,301Px00000JcAl5IAF
300Px00000JZR5gIAH,Non_Customer_Reallocation_Flow,301Px00000KC8o4IAD,301Px00000KC8o4IAD
300Px00000JaIy0IAF,Non_Customer_Reallocation_Sub_Flow_Assign_Owners,301Px00000JuukdIAB,301Px00000JuukdIAB
3004K000000HWKsQAO,Notify_deal_rejections,3014K000000cauHQAQ,3014K000000cauHQAQ
3004K0000000R5XQAU,Notify_owner_when_SO_is_updated_to_approved_state,,3014K000000caKYQAY
3004K0000000R5cQAE,Notify_when_Sales_Invoice_is_created,,3014K000000caKnQAI
3008e000000L26CAAS,Open_Opportunities_Order_Processing,,3018e000000PFOSAA4
300Px000005d0a8IAA,Opportunity_Add_Asset_v2,301Px00000FYaLNIA1,301Px00000FYaLNIA1
300Px00000FmPI4IAN,Opportunity_Add_Asset_v3,301Px00000TxAIoIAN,301Px00000TxAIoIAN
3008e000000wnjXAAQ,Opportunity_Add_Products,3018e0000004HGtAAM,3018e0000004HGtAAM
3008e000000wnjQAAQ,Opportunity_Asset_MACD_Generator,,3018e0000008XbtAAE
300Px000005d0a9IAA,Opportunity_Asset_MACD_Generator3,301Px00000SwuTIIAZ,301Px00000SwuTIIAZ
300Px00000O6vDtIAJ,Opportunity_Calculate_Contractual_Split,301Px00000PtHTKIA3,301Px00000PtHTKIA3
3008e000000wnjYAAQ,Opportunity_Change_Asset_Generator,3018e0000008Y3tAAE,3018e0000008Y3tAAE
3008e000000wnjZAAQ,Opportunity_Change_Product,,3018e0000004HGvAAM
300Px00000Ov5tLIAR,Opportunity_Compliance_Approval_Screen,301Ae00000qj0fnIAA,301Ae00000qj0fnIAA
300Px000006LJQnIAO,Opportunity_Compliance_Calculation,301Px00000PtHTLIA3,301Px00000PtHTLIA3
3008e000000wnjaAAA,Opportunity_Dispose_Asset_Generator,301Px00000KVYN2IAP,301Px00000KVYN2IAP
300Px00000MVvGmIAL,Opportunity_Duplicate,301Px00000Nzl4sIAB,301Px00000SH8aXIAT
300Px00000OyZoJIAV,Opportunity_MACD_Auto_Compliance_Approval,301Px00000QsJpyIAF,301Px00000QsJpyIAF
3008e000000wnjbAAA,Opportunity_Move_Asset_Generator,301Px00000MEqtKIAT,301Px00000MEqtKIAT
3008e000000L26DAAS,Opportunity_Naming_Convention,3018e0000008cLGAAY,3018e0000008cLGAAY
3008e000000wnjcAAA,Opportunity_Parent_Child_Products_Generator,3018e000000CgMCAA0,3018e000000CgMCAA0
3008e000000L1vuAAC,Opportunity_Run_Commissions,,3018e0000008YY0AAM
3008e000000wnjRAAQ,Opportunity_Subflow_Asset_MACD_Generator,3018e0000004HGnAAM,3018e0000004HGnAAM
300Px00000RrgciIAB,Opportunity_Submit_Products_for_Approval,301Px00000T4DcRIAV,301Px00000T4DcRIAV
3008e000000wnScAAI,Overdue_Transactions,3018e0000008akFAAQ,3018e0000008akFAAQ
3004K0000000T7QQAU,Owner_Updates,,3014K000000ciVFQAY
300Px00000PHmHxIAL,Parent_MACD_Add,301Px00000TqXaMIAV,301Px00000TqXaMIAV
3008e000000wnr1AAA,Populate_Department_Opp_Split,301Px00000D6dC6IAJ,301Px00000D6dC6IAJ
3008e000000wnDBAAY,Prevent_Duplicate_Products,,3018e0000004FmIAAU
3008e000000L29wAAC,Processing_Complete,3018e000000PFasAAG,3018e000000PFasAAG
300Px00000BkJ7lIAF,Product_Creation,,301Px00000BsMTUIA3
300Px00000Fs1sxIAB,Product_Duplicate_Checker,301Px00000G57UHIAZ,301Px00000T3RZLIA3
300Px00000FLNIjIAP,Product_Group_Creation,,301Px00000MthplIAB
3008e000000wnjSAAQ,Product_Group_Name_Updater,3018e0000004HGoAAM,3018e0000004HGoAAM
300Px00000DDSFBIA5,Product_Grouping_Check,301Px00000DNIXrIAP,301Px00000DNIXrIAP
300Px00000BaQqXIAV,Product_Integration,,301Px00000BiaCnIAJ
300Px00000Fs1syIAB,Product_Request_Flow,301Px00000SwbSHIAZ,301Px00000SwbSHIAZ
300Px00000LgvKLIAZ,Purchase_Order_Number_Stamp,301Px00000MFWvlIAH,301Px00000MFWvlIAH
300Px00000B2u9RIAR,Push_Opp_to_Quote,,301Px00000BA0i0IAD
3008e000000GqtuAAC,Reject_Opp,3018e0000008d1RAAQ,3018e0000008d1RAAQ
300Px00000OVPNvIAP,Remove_Account_Team_Member_from_Account,301Px00000PNA0QIAX,301Px00000PNA0QIAX
300Px000005d0aAIAQ,Remove_Product_Lines,301Px00000DrscIIAR,301Px00000DrscIIAR
3008e000000L1wOAAS,Run_Invoice_updates,3018e000000PEj0AAG,3018e000000PFVTAA4
300Px00000JB45SIAT,Sales_Account_Search_Flow,301Px00000K4VJRIA3,301Px00000K4VJRIA3
300Px00000JB45RIAT,Sales_Account_Search_Sub_Flow_Get_Records,301Px00000K54luIAB,301Px00000K54luIAB
300Px00000NGYQIIA5,Sales_Invoice_Order_Checker,301Px00000O2a9iIAB,301Px00000O2a9iIAB
300Px00000RfT4yIAF,Sales_Invoice_Set_Customer_Price,301Px00000SoOf3IAF,301Px00000SoOf3IAF
300Px00000LdRxEIAV,Sales_Order_Completed_by_Operations_Field_Update,301Px00000MC0sPIAT,301Px00000MC0sPIAT
300Px00000EnNI1IAN,Sales_Order_Invoice_Checker,301Px00000If56fIAB,301Px00000KzrNLIAZ
300Px00000EOk03IAD,Sales_Order_Line_Product_Grouping,301Px00000EZdhZIAT,301Px00000EZdhZIAT
300Px000005d0aBIAQ,Sales_Order_MACD_Update,301Px00000SwyyFIAR,301Px00000SwyyFIAR
300Px00000R20SdIAJ,Sales_Order_Reason_not_Invoiced_pull_through,301Px00000S5g1qIAB,301Px00000S5g1qIAB
300Ae00000UVjfVIAT,Schedule_Account_Supplier_Updates,301Ae00000mHeqDIAS,301Ae00000mHeqDIAS
3008e000000L1vvAAC,Schedule_Commissions,,3018e000000PEjAAAW
3008e000000Gqv5AAC,SCM_ITPR_Export_Delay_Trigger,3018e0000008Y2rAAE,3018e0000008Y2rAAE
3008e000000wnTnAAI,Set_Account_Hierarchy,3018e0000004GnbAAE,3018e0000004GnbAAE
3004K0000000RmCQAU,Set_default_recipient_and_delivery_addresses_SOLI,,3014K000000cdn9QAA
3008e0000008S7WAAU,Set_Description,301Px00000PtHTMIA3,301Px00000PtHTMIA3
3008e000000wnjgAAA,Set_Hard_Call,3018e0000004HH2AAM,3018e0000004HH2AAM
300Px00000GBSmGIAX,Set_Hard_Call_Screen,301Px00000MIxY1IAL,301Px00000MIxY1IAL
300Px00000HO1u2IAD,Set_Inventory_Position_Cost,301Px00000HgKYRIA3,301Px00000HgKYRIA3
3008e000000L1qGAAS,set_Item_false,,3018e000000PDsfAAG
3008e000000wnRcAAI,Set_Item_Name,3018e0000004GdWAAU,3018e0000004GdWAAU
3004K000000HWMUQA4,Set_Opportunity_Member_Region,,3014K000000VJSJQA4
3004K0000000RFNQA2,Set_Opportunity_Owner,301Px00000G1LsTIAV,301Px00000G1LsTIAV
3004K0000000RemQAE,Set_PO_SO_line_item_relation,,3018e000000PDj5AAG
3004K0000000REUQA2,Set_Primary_Sales_Rep,3014K000000cb8nQAA,3014K000000cb8nQAA
3008e000000L1oUAAS,Set_Product_Condition,3018e0000000L7OAAU,3018e0000000L7OAAU
300Px00000HlYquIAF,Set_Rollout_Quantity_Intangible,301Px00000I6YazIAF,301Px00000I6YazIAF
3004K0000000RFIQA2,Set_Sales_Order_Line_Item_Correctly,,3018e000000PFOKAA4
3004K0000000RldQAE,Set_Same_Shipping_Address,3014K000000cdfUQAQ,3014K000000cdfUQAQ
3008e000000wnm1AAA,Set_Snapshot_Currency,3018e0000004HekAAE,3018e0000004HekAAE
300Px00000Ev6dPIAR,Singular_Asset_Dispose,301Px00000Tv8WZIAZ,301Px00000Tv8WZIAZ
300Px00000EpprfIAB,Singular_Asset_Move,301Px00000S8FI1IAN,301Px00000S8FI1IAN
300Px00000EqZRTIA3,Singular_Asset_Store,,301Px00000HXtiMIAT
300Px00000F6dFoIAJ,Singular_Store_Asset,301Px00000S7c0WIAR,301Px00000S7c0WIAR
3008e000000wnHcAAI,Site_Conversion,,3018e0000004GCMAA2
3008e0000008SOhAAM,SM_Account_Supplier_Site_PB,301Ae00000nXACUIA4,301Ae00000nXACUIA4
300Px00000RfT4zIAF,Split_Deal_Revenue,301Px00000SoOf4IAF,301Px00000SoOf4IAF
3008e000000L26iAAC,Stamp_Info_From_Opportunity_To_Improve_Search,301Px00000JmAv6IAF,301Px00000JmAv6IAF
3008e000000wn7YAAQ,Start_Authentication,301Ae00000lKiDtIAK,301Ae00000lKiDtIAK
3008e000000wnczAAA,Stock_Availability,,3018e0000004HLTAA2
3008e000000GqtvAAC,Submit_deal_for_approval,3018e0000008XwIAAU,3018e0000008XwIAAU
3008e000000g70wAAA,Submit_Deal_into_Compliance_Screen_Flow,,3018e000000okFWAAY
300Px00000LKnF5IAL,Submit_to_Pricing_Team,301Px00000O3mdQIAR,301Px00000O3i5BIAR
300Px00000H0nOoIAJ,Tasks_Remove_Call_Recording_Link,301Px00000HI3TvIAL,301Px00000HI3TvIAL
3004K000000HSNLQA4,Tax_Code,3014K000000UyXJQA0,3014K000000UyXJQA0
3004K000000HSNMQA4,Tax_Rate_Synchronisation,3014K000000UyXKQA0,3014K000000UyXKQA0
3008e000000GqtrAAC,Technical_Approval,3018e0000008YSCAA2,3018e0000008YSCAA2
3008e000000GqtwAAC,Technical_Eval_RT,,3018e0000008ZIpAAM
3008e000000GqtsAAC,Technical_Evaluation,301Px00000MeDUvIAN,301Px00000MeDUvIAN
3008e000000wn7wAAA,Test,,3018e0000004FVbAAM
3008e0000008S6YAAU,TEST_OUTBOUND_ACTION,3018e000000CgwXAAS,3018e000000CgwXAAS
300Px00000BGBsTIAX,Test_PO_Sending,,301Px00000BNX8EIAX
300Px00000H1M1gIAF,Test_Vantage_Authentication,,301Px00000HIBcmIAH
300Px000006tLWbIAM,Transform_Customer_Address,301Px000006tO9WIAU,301Px000006tO9WIAU
3008e000000wnIpAAI,Trigger_Update_SO,301Px00000Eyk9aIAB,301Px00000Eyk9aIAB
3008e000000wnTEAAY,Update_Account_for_Assets,3018e000000CgrIAAS,3018e000000CgrIAAS
3008e000000L26ZAAS,Update_Account_On_Closed_Won,,3018e000000PFOvAAO
3008e000000L1r4AAC,Update_Account_Opp_2_SO,,3018e000000PDyEAAW
3008e000000wnjTAAQ,Update_Asset_Account_Information,,3018e0000004HGpAAM
300Px000005d0aCIAQ,Update_Asset_after_MACD_Creation,301Px00000Hp917IAB,301Px00000Hp917IAB
3008e000000wn8LAAQ,Update_Asset_Fields_Temporary,,3018e0000004FX3AAM
3008e000000wn8VAAQ,Update_Asset_Record,3018e0000004FXNAA2,3018e0000004FXNAA2
3008e000000wnjUAAQ,Update_Asset_Site_From_MACD_LI_When_Complete,301Px00000EApvzIAD,301Px00000EApvzIAD
3008e000000wnjVAAQ,Update_Child_Assets_With_Serial_Number_From_Parent,3018e0000004HGrAAM,3018e0000004HGrAAM
3008e000000wnpfAAA,Update_Commission_Opp_Product,301Px00000Ckj85IAB,301Px00000Ckj85IAB
3008e000000wnpgAAA,Update_Commission_Opp_Split,301Px00000CY6nIIAT,301Px00000CY6nIIAT
3008e000000wnphAAA,Update_Commission_Opportunity,301Px00000PtHTNIA3,301Px00000PtHTNIA3
3008e000000wnpiAAA,Update_Commission_Other_Transactions_Schedule,3018e0000008a9IAAQ,3018e0000008a9IAAQ
3008e000000wnpcAAA,Update_Commission_Sales_Invoice,3018e000000ChnMAAS,3018e000000ChnMAAS
3008e0000008SMRAA2,Update_Commission_Sales_Order_Line_Item,3018e000000gKZYAA2,3018e000000gKZYAA2
3008e000000wnDkAAI,Update_Contact_Active_Status,3018e0000004FqeAAE,3018e0000004FqeAAE
3004K0000000R5IQAU,Update_CP_Pending_after_update,,3014K000000caGhQAI
3008e000000GrizAAC,update_flow,,3018e0000008ZufAAE
3008e000000wn8pAAA,Update_For_Commissions,,3018e0000004FYkAAM
3004K0000000RtwQAE,Update_Fulfilment_Status_Rejected,301Px00000PtHTOIA3,301Px00000PtHTOIA3
3008e000000L1vfAAC,Update_Invoice_Line_Items,301Px000005EjQbIAK,301Px000005EjQbIAK
3008e000000wn4YAAQ,update_invoice_lines,3018e0000004F6CAAU,3018e0000004F6CAAU
3008e000000wn8kAAA,Update_Invoice_Lines_schedule,3018e0000004FYaAAM,3018e0000004FYaAAM
3008e000000L1zwAAC,Update_Last_Active_Date,3018e000000PFVYAA4,3018e000000PFVYAA4
3008e000000L272AAC,Update_Last_Active_Record,,3018e000000PFS2AAO
3008e000000wnjWAAQ,Update_Location_At_Site,3018e0000004HGsAAM,3018e0000004HGsAAM
3008e000000wnlIAAQ,Update_MACD_LI_from_MACD,301Px00000JmO6oIAF,301Px00000JmO6oIAF
300Px00000E0edTIAR,Update_MACDs_to_SO,301Px00000F9fUoIAJ,301Px00000F9fUoIAJ
3008e000000wnSbAAI,Update_Notify_Billing,,3018e0000004GgXAAU
3008e000000wnjqAAA,Update_Notify_Billng,3018e0000008aAAAAY,3018e0000008aAAAAY
300Px000005d0a6IAA,Update_Opp_Line_Quantity,,301Px000005cZq2IAE
3008e000000wnvNAAQ,Update_Opp_Product_Quantity,,3018e0000004IaqAAE
3008e000000L27bAAC,Update_Opp_Team,,3018e000000PFUCAA4
300Px00000DfwdJIAR,Update_Opportunity_Closed_Lost_Date,301Px00000PtHTPIA3,301Px00000PtHTPIA3
300Px00000DB00UIAT,Update_Opportunity_Quantity,301Px00000DMw97IAD,301Px00000DMw97IAD
3004K000000HWEpQAO,Update_Opportunity_Regional_Team,,3014K000000VIfCQAW
3004K000000HWNXQA4,Update_Opportunity_Regional_Team_v1,,3014K000000VJS4QAO
3004K000000HWBRQA4,Update_PO_Line_Item_Tax,,3018e000000PDjFAAW
3008e000000L27CAAS,Update_POLI_on_Creation,3018e0000004FKUAA2,3018e0000004FKUAA2
300Px00000HLwbtIAD,Update_Product_Approver,301Px00000HdzQ1IAJ,301Px00000HdzQ1IAJ
3008e000000g88gAAA,Update_Product_Association,3018e000000onOrAAI,3018e000000onOrAAI
3004K0000000RDqQAM,Update_Product_Codes,301Px00000T6CdyIAF,301Px00000T6CdyIAF
300Px00000GX2D9IAL,Update_Quote_Delivery,301Px00000GmQbnIAF,301Px00000GmQbnIAF
3008e000000g7PyAAI,Update_Quote_Fields,301Px00000Gmf1GIAR,301Px00000Gmf1GIAR
3008e000000g7PzAAI,Update_Quote_Line_Item,,3018e000000olRfAAI
3008e000000L2AGAA0,Update_Revenue,3018e000000PFeLAAW,3018e000000PFeLAAW
3008e000000GqtxAAC,Update_Sales_Order,301Px00000OpjTcIAJ,301Px00000OpjTcIAJ
3004K000000TmV0QAK,Update_Sales_Order_Line,3014K000000545RQAQ,3014K000000545RQAQ
3008e000000wnBtAAI,Update_Sales_Permission_Sets,,3018e0000004I5CAAU
3004K000000HWFiQAO,Update_Sales_Rep_field_on_the_SO,,3014K000000VIpvQAG
3008e000000L1qpAAC,Update_SO_Date_Billing,,3018e000000PE3TAAW
3004K0000000T7GQAU,Update_SO_from_Opp,301Px0000040CtJIAU,301Px0000040CtJIAU
3008e000000L1wJAAS,update_SOLI,,3018e000000PEiHAAW
3008e000000L27HAAS,Update_SOLI_on_Creation,301Px00000EAsgcIAD,301Px00000EAsgcIAD
3008e000000wo4yAAA,Update_SOLI_on_Opp_Product,3018e000000CggeAAC,3018e000000CggeAAC
3008e000000wo6kAAA,Update_SOLI_with_Invoice_Line_Item,,3018e0000008hZSAAY
3004K0000000QetQAE,Update_SOs_with_SIN_creation_date,3018e000000PFgvAAG,3018e000000PFgvAAG
3008e000000L28AAAS,Update_Splits,,3018e000000PFWwAAO
300Ae00000VBIeDIAX,Update_Supplier_Record_Type,301Ae00000nRv2oIAC,301Ae00000nRv2oIAC
3008e000000wnkFAAQ,Update_Task_Contact,3018e0000004HJrAAM,3018e0000004HJrAAM
3004K0000000SaCQAU,Update_the_invoiced_status_field,3014K000000cfuRQAQ,3014K000000cfuRQAQ
3004K0000000Qv1QAE,Update_the_Quote_trading_company_if_missing,3018e000000olGBAAY,3018e000000olGBAAY
300Px00000MUiwgIAD,Update_to_Service_Billing,,301Px00000NAq1kIAD
3008e000000L1nvAAC,Update_VAT_PO_lines,301Px00000S5mGwIAJ,301Px00000S5mGwIAJ
3004K000000HSNNQA4,UpdateCompanyTaxInformation,3014K000000UyXLQA0,3014K000000UyXLQA0
3008e000000g6bcAAA,Vantage_Invoices,301Px000005eBLHIA2,301Px000005eBLHIA2
3008e000000Grv6AAC,X0_VAT_Lines,3018e0000008aSkAAI,3018e0000008aSkAAI
